# name,dep1,dep2,...  (order = build order)
# deps reflect actual pom.xml cross-repo dependencies as of 2026-09-17
# KNOWN CYCLES: platform↔neocortex, engine↔work, eidos↔desiredstate↔engine
platform,parent,neocortex
worker,parent,platform
ledger,parent,platform
connectors,parent,platform
neocortex,platform,ledger,blocks
eidos,platform,ledger,desiredstate,engine
desiredstate,platform,engine,neocortex,ras,work,worker
ras,platform,engine
qhorus,platform,ledger,connectors,eidos
work,platform,ledger,engine,qhorus
engine,platform,ledger,connectors,eidos,neocortex,qhorus,work,worker
pages
blocks,platform,ledger,neocortex,eidos,engine,qhorus,work,worker
blocks-ui,pages,engine,work,qhorus,ledger,blocks
workers,platform,engine,worker
claudony,platform,ledger,engine,qhorus,work,worker
ops,platform,ledger,desiredstate,eidos,engine,iot,qhorus,ras,work,blocks
iot,platform,ledger,connectors,engine,life,neocortex,ras,work,worker
chat-app,platform,qhorus,life
